<application>
  <component name="FileTypeManager" version="17">
    <extensionMap>
      <mapping pattern="*.js.flow" type="Flow" />
      <mapping pattern="*.js.flow" type="Flow" />
      <mapping pattern="5" type="PLAIN_TEXT" />
      <mapping pattern="rule" type="PLAIN_TEXT" />
      <mapping pattern=".gitattributes" type="PLAIN_TEXT" />
      <mapping pattern="7" type="PLAIN_TEXT" />
      <mapping pattern="6" type="PLAIN_TEXT" />
      <mapping pattern="4" type="PLAIN_TEXT" />
      <mapping pattern="3" type="PLAIN_TEXT" />
      <mapping pattern=".browserslistrc" type="PLAIN_TEXT" />
      <mapping pattern="1" type="PLAIN_TEXT" />
      <mapping pattern="2" type="PLAIN_TEXT" />
      <mapping pattern=".bash_profile.swp" type="PLAIN_TEXT" />
      <mapping pattern=".prettierignore" type="PLAIN_TEXT" />
      <mapping pattern=".Podfile.swp" type="PLAIN_TEXT" />
      <mapping pattern="new" type="PLAIN_TEXT" />
      <mapping pattern="ps" type="PLAIN_TEXT" />
      <mapping pattern=".env-cmdrc" type="PLAIN_TEXT" />
      <mapping pattern="提测" type="PLAIN_TEXT" />
      <mapping ext="tpl" type="PLAIN_TEXT" />
      <mapping ext="mp4" type="PLAIN_TEXT" />
      <mapping ext="eot" type="PLAIN_TEXT" />
      <mapping ext="text" type="PLAIN_TEXT" />
      <mapping ext="lnk" type="PLAIN_TEXT" />
      <mapping ext="keystore" type="PLAIN_TEXT" />
      <mapping ext="config" type="PLAIN_TEXT" />
      <mapping pattern="device" type="TypeScript" />
    </extensionMap>
  </component>
</application>